{
    "ace" : "Space Ace",
	"astron" : "Astron Belt",
	"badlands" : "Badlands",
	"bega" : "Bega's Battle",
	"cliff" : "Cliff Hanger",
	"cobra" : "Cobra Command",
	"esh" : "Esh's Aurunmilla",
	"ffr" : "Freedom Fighter",
	"firefox" : "Firefox",
	"galaxy" : "Galaxy Ranger",
	"gpworld" : "GP World",
	"gtg" : "Goal to Go",
	"interstellar" : "Interstellar",
	"lair" : "Dragon's Lair",
	"lair2" : "Dragon's Lair 2 - Timewarp",
	"mach3" : "M.A.C.H. 3",
	"rb" : "Road Blaster",
	"sdq" : "Super Don Quix-Ote",
	"tq" : "Thayer's Quest",
	"uvt" : "Us VS Them"
}
