{
	"atari800macx"	: [".atr", ".xfd", ".dcm", ".scp", ".atr.gz", ".xfd.gz", ".cart", ".cas", ".car", ".rom", ".bin"],
    "bsnes"         : [".zip", ".smc", ".sfc", ".swc", ".fig"],
    "crabemu"       : [".gg", ".sms"],
    "daphne"        : [".txt"],
    "dolphin"       : [".iso", ".ciso", ".wad"],
    "dssmume"       : [".nds"],
    "fuse"          : [".tzx", ".z80", ".tap"],
    "gambatte"      : [".gb", ".gbc"],
    "genesisplus"   : [".smd", ".md", ".gen"],
    "handy"         : [".zip", ".lnx", ".lyx"],
    "jpsp"          : [".iso"],
    "kegafusion"    : [".zip", ".sms", ".gg", ".mv", ".sg", ".sc", ".bin", ".32x", ".gen", ".md", ".smd"],
    "lxdream"       : [".cdi", ".iso", ".bin"],
	"mame"          : [".zip"],
	"mamecave"      : [".zip"],
    "mednafen"      : [".zip", ".pce", ".gba", ".gb", ".gbc", ".lnx", ".ngc", ".ngp", ".wsc", ".ws"],
	"mess"          : [".zip", ".chd", ".nes", ".sms", ".md", ".smd", ".gen", ".md", ".gba", ".gb", ".gbc", ".a26", ".a78", ".32x", ".bin", ".ws", ".wsc", ".tap", ".wav", ".d64", ".g64", ".crt", ".prg", ".pce", ".n64", ".z64", ".v64", ".rom", ".sg", ".lnx", ".lyx", ".col", ".sfc", ".smc", ".fig", ".swc"],
    "mupen64plus"   : [".n64", ".z64", ".v64"],
    "nestopia"      : [".nes", ".fds"],
    "openemu"       : [".zip", ".gba", ".fds", ".nes", ".smd", ".md", ".gen", ".gg", ".sms", ".smc", ".snes", ".fig", ".sfc", ".gb", ".gbc"],
    "openmsx"       : [".dsk", ".rom", ".ogv"],
    "oswan"         : [".ws", ".wsc"],
	"macos"			: [".app"],
    "pcsxr"         : [".cue", ".mdf"],
    "pcsx2"         : [".iso"],
    "residualvm"    : [".lnk"],
    "scummvm"       : [".lnk"],
    "sixtyforce"    : [".n64", ".z64", ".v64"],
	"snes9x"        : [".zip", ".sfc"],
    "stella"        : [".a26"],
    "supermodel"    : [".zip"],
    "uae"           : [".zip", ".adf"],
    "fsuae"         : [".zip", ".adf", ".ipf", ".cue", ".dms", ".adz"],
	"virtualc64"	: [".d64", ".t64", ".prg", ".p00"],
    "visualboy"     : [".gba"],
    "yabause"       : [".cue"]
}
