{
	"IP_ADDRESS"				: "Outer IP address",
	"PREF_EMUROOT"				: "Emulator location",
	"PREF_ROMROOT"      		: "Roms location",
	"PREF_ENABLEFAVORITES"		: "Enable favorite list",
	"PREF_FAVORITESLIST"		: "Use favorites list",
	"PREF_SEPERATEARCADELIST"	: "Separate systems in main menu",

	"PREF_THREADED_GRABBER"		: "Use threaded grabber",
	"PREF_MAME_GRABBER_ORDER"      	: "Mame grabber order",
	"PREF_MAMEDB_SHOW_CLONES"		: "Show clones",
	"PREF_MAMEDB_SHOW_STATUS"      	: "Show which rom status",
	"PREF_MAMEDB_SHOW_MATURE"      	: "Show mature",
	"PREF_CONSOLE_GRABBER_ORDER"	: "Console grabber order",
	"PREF_USE_OPENVGDB"			: "Use OpenVGDB gamedb",

    "PREF_MATCH_PERCENT"        : "Fuzzy match percentage 0-100",
    "PREF_SCRAPE_FANART"        : "Enable fan art",
    "PREF_SCRAPE_ARCHIVES"      : "Enable archive support",
	"PREF_EXCLUDEDIRS"      	: "Exclude dirs from search",
	"PREF_CONTROLLERPREV"      	: "Show controller image",
	"PREF_CONTROLLERTYPE"		: "Controller type",
	"PREF_SANITIZEGENRE"		: "Sanitize genres",

	"MSG_TITLE_SUCCESS"		: "Succes",
	"MSG_BODY_SETTINGSSAVED"	: "Settings saved",
	"MSG_TITLE_ERROR"		: "Error",
	"MSG_BODY_EMUROOT"		: "Specify emulator directory",
	"MSG_BODY_ROMROOT"		: "Specify roms directory",
	"MSG_BODY_APIKEY_GIANTBOMB"	: "Provide Giantbomb apikey for scraper",

	"MENU_FAVORITES"		: "Favorites",
	"MENU_ALL_GAMES"		: "List all games",
	"MENU_RANDOM_GAME"		: "Play random game",
	"MENU_ARCADE"			: "Arcade",
	"MENU_CONSOLE"			: "Consoles",
	"MENU_GENRE"			: "List roms by genre",
	"MENU_YEAR"			: "List roms by year",
	"MENU_SEARCH"			: "Search",
	"MENU_PUBLISHER"		: "List roms by publisher",
    "MENU_DEVELOPER"        : "List roms by developer",
	"MENU_MAINTAINANCE"		: "Maintainance",

	"MENU_PREF_LIST_UNKOWN"		: "List unknown roms",
	"MENU_PREF_REFRESH_ROM"		: "Scan for new roms",
	"MENU_PREF_REFRESH_INFO"	: "Update metadata for known roms",
	"MENU_PREF_REFRESH_UNKNOWN"	: "Update metadata for unknown roms",
	"MENU_PREF_DELETE_SYSTEM"	: "Remove system from database",
	"MENU_PREF_GENERATE_SYSTEMS"	: "Generate system list for mame",
	"MENU_PREF_REFRESH_MAME"	: "Update mame list",
    "MENU_PREF_WEBSERVER"   : "Webserver menu",
	"MENU_PREFERENCES"		: "Preferences",

	"DB_REFRESH_ROMS"		: "Scan for new roms completed",
	"DB_REFRESH_INFO"		: "Game info updated",
	"DB_REFRESH_MAME"		: "Mame list updated",
	"DB_GENERATE_MAME"		: "Mame systems are updated",
	"DB_REFRESH_MAME_FAILED" : "Mame list file mamelist.csv not found in MAME folder",
	"DB_MAMESYSTEMS_FAILED"	: "Mame systemlist file mamesystems.csv is not found in MAME folder",
	"DB_MAMELIST_EMPTY"		: "Mame list DB is empty, please update mame list first",

	"MENU_SEARCH_ROM"		: "Search for game or publisher",
    "MENU_SEARCH_NRPLAYERS"		: "List roms by nr. of players",
	"MENU_SEARCH_NRBUTTONS"		: "List roms by nr. of buttons",
	"MENU_SEARCH_CONTROLLER"	: "List roms by controller type",
	"MENU_SEARCH_ORIENTATION"	: "List roms by orientation",
	"MENU_SEARCH_SYSTEM"		: "List roms by system board",

	"SRCH_NORESULTS"		: "No results found",
	"SRCH_FAILED"			: "Search failed, invalid input",

	"MENU_ADD_TO_FAVORITES"		: "Add to favorites",
	"MENU_REM_FROM_FAVORITES"	: "Remove from favorites",
	"ADDED_TO_FAVORITES"		: "Added to favorites",
	"REMOVED_FROM_FAVORITES"	: "Removed from favorites",
	
	"WATCH_TRAILER"				: "Watch youtube trailer"
}