{
    "order"                                 : ["archive",   "giantbomb",            "gamefaq",      "thegamesdb",			"allgames",				"mobygames"],
	"daphne" 								: ["arcade",    "arcade",               "arcade",       "arcade",				"1",					"143"],
    "scummvm"                               : ["",          "pc",                   "pc",           "pc",					"2",					"3"],
    "residualvm"                            : ["",          "pc",                   "pc",           "pc",					"2",					"3"],
	"mac os"								: ["",          "pc",                   "pc",           "pc",					"2",					"74"],
	"windows"								: ["",          "pc",                   "pc",           "pc",					"2",					"3"],

	"atari 2600"							: ["atari2600", "atari 2600",           "atari2600",    "atari 2600",			"",						"28"],
	"atari 5200" 							: ["atari5200", "atari 5200", 			"atari5200",    "atari 5200",			"12",					"33"],
	"atari 7800" 							: ["atari7800", "atari 7800", 			"atari7800",    "atari 7800",			"42",					"34"],
	"atari 8-bit" 							: ["atari8bit", "atari 8-bit", 			"atari8bit",    "",						"",						"39"],
	"atari st" 								: ["ast", 		"atari st", 			"ast",          "",						"",						"24"],
	"atari jaguar" 							: ["jaguar", 	"jaguar", 				"jaguar",       "atari jaguar",			"14",					"17"],
	"atari jaguar cd" 						: ["jaguarcd", 	"", 					"jaguarcd",     "atari jaguar cd",		"25725",				""],
	"bally astrocade" 						: ["astrocade", "bally astrocade", 		"astrocade",    "",						"17659",				""],
	"bandai pippin" 						: ["pippin", 	"pippin", 				"pippin",       "",						"52333",				"112"],
	"bandai playdia" 						: ["playdia", 	"bandai playdia", 		"playdia",      "",						"",						"107"],
	"coleco colecovision" 					: ["colecovision", "colecovision", 		"colecovision", "colecovision",			"15",					"29"],
	"epoch cassette vision" 				: ["ecv", 		"epoch cassette vision", "ecv",         "",						"",						"137"],
	"fairchild channel f" 					: ["channelf", 	"channel f", 			"channelf",     "",						"45",					"76"],
	"microsoft xbox" 						: ["xbox", 		"xbox", 				"xbox",         "microsoft xbox",		"26052",				"13"],
	"microsoft xbox 360" 					: ["", 			"xbox 360", 			"xbox360",      "microsoft xbox 360",	"47504",				"69"],
	"nec pc-fx" 							: ["pcfx", 		"pc-fx", 				"pcfx",         "",						"25727",				"59"],
	"nec turbografx cd" 					: ["turbocd",	"turbografx cd", 		"turbocd",      "",						"25724",				"45"],
	"nec turbografx-16" 					: ["tg16",		"turbografx-16", 		"tg16",         "turbografx 16",		"30",					"40"],
	"nec supergrafx"						: ["", 			"supergrafx", 			"",             "",						"25723",				"127"],
	"nintendo entertainment system" 		: ["nes",		"nes",                  "nes",          "nintendo entertainment system (nes)",	"19",	"22"],
	"nintendo famicom disk system" 			: ["famicomds", "famicom disk system", "famicomds",     "",						"29108",				""],
	"nintendo 64" 							: ["n64", 		"nintendo 64", 			"n64",          "nintendo 64",			"22",					"9"],
	"nintendo 64dd" 						: ["n64dd", 	"nintendo 64dd", 		"n64dd",        "",						"36136",				""],
	"nintendo gamecube" 					: ["gamecube", 	"gamecube", 			"gamecube",     "nintendo gamecube",	"17667",				"14"],
	"nintendo satellaview"					: ["", 			"satellaview", 			"",             "",						"",						""],
	"nintendo wii" 							: ["", 			"wii", 					"wii",          "nintendo wii",			"49611",				"82"],
	"nintendo wii u" 						: ["", 			"wii u", 				"wii-u",        "nintendo wii u",		"76000",				"132"],
	"nintendo virtualboy" 					: ["virtualboy", "virtual boy", 		"virtualboy",   "",						"37",					"38"],
	"panasonic 3do" 						: ["3do", 		"3do", 					"3do",          "3do",					"18",					"35"],
	"philips cd-i" 							: ["cdi", 		"cd-i", 				"cdi",          "",						"34",					"73"],
	"pioneer laseractive" 					: ["laser", 	"pioneer laseractive", "laser",         "",						"17669",				""],
	"sega saturn" 							: ["saturn",    "saturn", 				"saturn",       "sega saturn",			"26",					"23"],
	"sega 32x" 								: ["sega32x",   "sega 32x", 			"sega32x",      "sega 32x",				"35",					"21"],
	"sega cd" 								: ["segacd",    "sega cd", 				"segacd",       "sega cd",				"36",					"20"],
	"sega master system" 					: ["sms",       "sega master system", 	"sms",          "sega master system",	"23",					"26"],
	"sega pico"								: ["",          "sega pico",			"",             "",						"40",					"103"],
	"sega sg-1000" 							: ["sg1000",    "sega sg-1000", 		"sg1000",       "",						"",						"114"],
	"sega genesis" 							: ["genesis",   "genesis", 				"genesis",      "sega genesis",			"24",					"16"],
	"sega dreamcast" 						: ["dreamcast", "dreamcast",			"dreamcast",    "sega dreamcast",		"20486",				"8"],
	"snk neo-geo cd" 						: ["neogeocd",  "neo geo cd", 			"neogeocd",     "",						"36114",				"54"],
	"snk neo-geo" 							: ["neo",       "neo geo", 				"neo",          "neogeo",				"33",					"36"],
	"sony playstation" 						: ["ps",        "playstation", 			"ps",           "sony playstation",		"27",					"6"],
	"sony playstation 2" 					: ["ps2",       "playstation 2", 		"ps2",          "sony playstation 2",	"47",					"7"],
	"sony playstation 3" 					: ["",          "playstation 3", 		"ps3",          "sony playstation 3",	"47532",				"81"],
	"super nintendo entertainment system" 	: ["snes",      "snes", 				"snes",         "super nintendo (snes)","21",					"15"],

    "atari lynx" 							: ["lynx", 		"lynx", 				"lynx",         "",						"13",					"18"],
	"bandai wonderswan" 					: ["wonderswan", "wonderswan",          "wonderswan",   "",						"24032",				"48"],
	"bandai wonderswan color" 				: ["wsc",       "wonderswan color", 	"wsc",          "",						"31912",				"49"],
	"game.com" 								: ["gamecom",   "game.com", 			"gamecom",      "",						"32",					"50"],
	"nintendo 3ds" 							: ["",          "nintendo 3ds", 		"3ds",          "",						"73068",				"101"],
	"nintendo ds" 							: ["",          "nintendo ds", 			"ds",           "nintendo ds",			"45571",				"44"],
	"nintendo game boy" 					: ["gameboy",   "game boy", 			"gameboy",      "nintendo game boy",	"20",					"10"],
	"nintendo game boy advance" 			: ["gba",       "game boy advance", 	"gba",          "nintendo game boy advance","20487",			"12"],
	"nintendo game boy color" 				: ["gbc",       "game boy color", 		"gbc",          "nintendo game boy color",	"17662",			"11"],
	"nokia n-gage" 							: ["ngage",     "n-gage", 				"ngage",        "",						"42646",				"32"],
	"sega game gear" 						: ["gamegear",  "game gear", 			"gamegear",     "sega game gear",		"25",					"25"],
	"sony playstation portable" 			: ["",          "psp", 					"psp",          "sony psp",				"45561",				"46"],
	"sony playstation vita" 				: ["",          "playstation vita", 	"vita",         "",						"75306",				"105"],
	"snk neo-geo pocket"					: ["",          "neo geo pocket",		"",             "",						"17665",				"52"],
	"snk neo-geo pocket color" 				: ["ngpc",      "neo geo pocket color", "ngpc",         "",						"17666",				"53"],
	"watara supervision" 					: ["svision",   "", 					"svision",      "",						"38798",				""],

	"commodore amiga" 						: ["amiga", 	"amiga", 				"amiga",        "amiga",				"10",					"19"],
	"commodore amiga cd32" 					: ["cd32",		"amiga cd32", 			"cd32",         "",						"17660",				"56"],
	"commodore amiga cdtv"					: ["",          "commodore cdtv",		"amiga",        "",						"33596",				"83"],
	"commodore 64" 							: ["c64",       "commodore 64", 		"c64",          "commodore 64",			"8",					"27"],
	"commodore 128"							: ["",          "commodore 128",		"",             "",						"8",					"61"],
	"commodore pet" 						: ["pet",       "commodore pet/cbm", 	"pet",          "",						"38082",				"77"],
	"msx" 									: ["msx",       "msx", 					"msx",          "",						"49210",				"57"],
	"msx-2" 								: ["msx",       "msx", 					"msx",          "",						"49210",				"57"],
	"nec pc88" 								: ["pc88",      "nec pc-8801", 			"pc88",         "",						"",						"94"],
	"nec pc98" 								: ["pc98",      "nec pc-9801", 			"pc98",         "",						"",						"95"],
	"nec pc6001"							: ["",          "nec pc-6001",			"",             "",						"",						"149"],
	"os/2" 									: ["os2",       "", 					"os2",          "",						"",						"146"],
	"sinclair zx spectrum"                  : ["sinclair",  "zx spectrum", 			"sinclair",     "",						"17672",				"41"],

	"acorn archimedes" 						: ["arch", 		"acorn archimedes", 	"arch",         "",						"",						"117"],
	"adventurevision" 						: ["avision",	"adventure vision", 	"avision",      "",						"26551",				""],
	"amstrad cpc" 							: ["cpc",       "amstrad cpc", 			"cpc",          "",						"",						""],
	"apf-*1000/im" 							: ["apf1000",   "", 					"apf1000",      "",						"",						""],
	"apple ii" 								: ["appleii",   "apple ii", 			"appleii",      "",						"6",					""],
	"apple ii gs"							: ["",          "apple iigs",			"",             "",						"",						""],
	"arcadia 2001" 							: ["a2k1",      "arcadia 2001", 		"arcadia 2001", "",						"17661",				""],
	"bbc micro" 							: ["bbc",       "bbc micro", 			"bbc",          "",						"",						""],
	"bbs door" 								: ["bbs",       "", 					"bbs",          "",						"",						""],
	"casio loopy" 							: ["loopy",     "casio loopy", 			"loopy",        "",						"",						""],
	"cps changer" 							: ["cps",       "", 					"cps",          "",						"",						""],
	"creativision" 							: ["cvision",   "", 					"cvision",      "",						"",						""],
	"eaca colour genie 2000" 				: ["cg2000",    "", 					"cg2000",       "",						"",						""],
	"fm towns" 								: ["fmtowns",   "fm towns", 			"fmtowns",      "",						"",						"102"],
	"fm-7" 									: ["fm7",       "fm-7", 				"fm7",          "",						"",						"126"],
	"gizmondo" 								: ["gizmondo",  "gizmondo", 			"gizmondo",     "",						"",						"55"],
	"gp32" 									: ["gp32",      "", 					"gp32",         "",						"",						"108"],
	"intellivision" 						: ["intellivision", "intellivision",	"intellivision","intellivision",		"16",					"30"],
	"interton vc4000"						: ["vc4000",    "", 					"vc4000",       "",						"",						""],
	"mattel aquarius" 						: ["aquarius",  "", 					"aquarius",     "",						"",						"135"],
	"microvision" 							: ["microvision", "microvision",		"microvision",  "",						"",						"97"],
	"nuon" 									: ["nuon",      "nuon", 				"nuon",         "",						"17668",				"116"],
	"odyssey" 								: ["odyssey",   "odyssey", 				"odyssey",      "",						"25728",				"75"],
	"odyssey^2" 							: ["odyssey2",  "odyssey 2", 			"odyssey2",     "",						"17",					"78"],
	"oric 1/atmos" 							: ["oric1",     "", 					"oric1",        "",						"",						"111"],
	"palm os classic" 						: ["palmos",    "", 					"palmos",       "",						"",						"65"],
	"rca studio ii" 						: ["studio2",   "rca studio ii", 		"studio2",      "",						"17670",				"113"],
	"redemption" 							: ["redemption", "",					"redemption",   "",						"",						""],
	"sharp mz"								: ["",          "sharp mz",				"",             "",						"",						""],
	"sharp x1" 								: ["x1",        "sharp x1", 			"x1",           "",						"",						"121"],
	"sharp x68000" 							: ["x68000",    "sharp x68000", 		"x68000",       "",						"",						"106"],
	"sord m5" 								: ["sordm5",    "", 					"sordm5",       "",						"",						"134"],
	"super cassette vision" 				: ["scv",       "", 					"scv",          "",						"",						""],
	"Texas Intstruments ti-99/4a"			: ["ti99",      "ti-99/4a", 			"ti99",         "",						"39",					"47"],
	"vectrex" 								: ["vectrex",   "vectrex", 				"vectrex",      "",						"44",					"37"],
	"vic-20" 								: ["vic20",     "vic-20", 				"vic20",        "",						"",						"43"],
	"zodiac" 								: ["zod",       "zodiac", 				"zod",          "",						"",						""]
}


