{
	"IP_ADDRESS"				: "External IP address",
	"PREF_EMUROOT"				: "Emulator location",
	"PREF_ROMROOT"      		: "ROMs location",
	"PREF_ENABLEFAVORITES"		: "Enable favorites list",
	"PREF_FAVORITESLIST"		: "Use favorites list",
	"PREF_SEPERATEARCADELIST"	: "Separate systems in main menu",

	"PREF_THREADED_GRABBER"		: "Use threaded grabber",
	"PREF_MAME_GRABBER_ORDER"      	: "MAME grabber order",
	"PREF_MAMEDB_SHOW_CLONES"		: "Show clones",
	"PREF_MAMEDB_SHOW_STATUS"      	: "Show ROM status",
	"PREF_MAMEDB_SHOW_MATURE"      	: "Show mature",
	"PREF_CONSOLE_GRABBER_ORDER"	: "Console grabber order",
	"PREF_USE_OPENVGDB"			: "Use OpenVGDB gamedb",

    "PREF_MATCH_PERCENT"        : "Fuzzy match percentage 0-100",
    "PREF_SCRAPE_FANART"        : "Enable fan art",
    "PREF_SCRAPE_ARCHIVES"      : "Enable archive support",
	"PREF_EXCLUDEDIRS"      	: "Exclude dirs from search",
	"PREF_CONTROLLERPREV"      	: "Show controller image",
	"PREF_CONTROLLERTYPE"		: "Controller type",
	"PREF_SANITIZEGENRE"		: "Sanitize genres",

	"MSG_TITLE_SUCCESS"		: "Succes",
	"MSG_BODY_SETTINGSSAVED"	: "Settings saved",
	"MSG_TITLE_ERROR"		: "Error",
	"MSG_BODY_EMUROOT"		: "Specify emulator directory",
	"MSG_BODY_ROMROOT"		: "Specify ROMs directory",
	"MSG_BODY_APIKEY_GIANTBOMB"	: "Provide Giantbomb apikey for scraper",

	"MENU_FAVORITES"		: "Favorites",
	"MENU_ALL_GAMES"		: "List all games",
	"MENU_RANDOM_GAME"		: "Play random game",
	"MENU_ARCADE"			: "Arcade",
	"MENU_CONSOLE"			: "Consoles",
	"MENU_GENRE"			: "List ROMs by genre",
	"MENU_YEAR"			: "List ROMs by year",
	"MENU_SEARCH"			: "Search",
	"MENU_PUBLISHER"		: "List ROMs by publisher",
    "MENU_DEVELOPER"        : "List ROMs by developer",
	"MENU_MAINTENANCE"		: "Maintenance",

	"MENU_PREF_LIST_UNKOWN"		: "List unknown ROMs",
	"MENU_PREF_REFRESH_ROM"		: "Scan for new ROMs",
	"MENU_PREF_REFRESH_INFO"	: "Update metadata for known ROMs",
	"MENU_PREF_REFRESH_UNKNOWN"	: "Update metadata for unknown ROMs",
	"MENU_PREF_DELETE_SYSTEM"	: "Remove system from database",
	"MENU_PREF_GENERATE_SYSTEMS"	: "Generate system list for mame",
	"MENU_PREF_REFRESH_MAME"	: "Update mame list",
    "MENU_PREF_WEBSERVER"   : "Webserver menu",
	"MENU_PREFERENCES"		: "Preferences",

	"DB_REFRESH_ROMS"		: "Scan for new ROMs completed",
	"DB_REFRESH_INFO"		: "Game info updated",
	"DB_REFRESH_MAME"		: "MAME list updated",
	"DB_GENERATE_MAME"		: "MAME systems are updated",
	"DB_REFRESH_MAME_FAILED" : "MAME list file mamelist.csv not found in MAME folder",
	"DB_MAMESYSTEMS_FAILED"	: "MAME systemlist file mamesystems.csv is not found in MAME folder",
	"DB_MAMELIST_EMPTY"		: "MAME list DB is empty, please update mame list first",

	"MENU_SEARCH_ROM"		: "Search for game or publisher",
    "MENU_SEARCH_NRPLAYERS"		: "List ROMs by nr. of players",
	"MENU_SEARCH_NRBUTTONS"		: "List ROMs by nr. of buttons",
	"MENU_SEARCH_CONTROLLER"	: "List ROMs by controller type",
	"MENU_SEARCH_ORIENTATION"	: "List ROMs by orientation",
	"MENU_SEARCH_SYSTEM"		: "List ROMs by system board",

	"SRCH_NORESULTS"		: "No results found",
	"SRCH_FAILED"			: "Search failed, invalid input",

	"MENU_ADD_TO_FAVORITES"		: "Add to favorites",
	"MENU_REM_FROM_FAVORITES"	: "Remove from favorites",
	"ADDED_TO_FAVORITES"		: "Added to favorites",
	"REMOVED_FROM_FAVORITES"	: "Removed from favorites",

	"WATCH_TRAILER"				: "Watch youtube trailer"
}